Frame#,Time,Angle
1000,16.65,160.5226
1001,16.667,160.53308
1002,16.683,160.54486
1003,16.7,160.55446
1004,16.717,160.55936
1005,16.733,160.55821
1006,16.75,160.55028
1007,16.767,160.53558
1008,16.783,160.51497
1009,16.8,160.49042
1010,16.817,160.46457
1011,16.833,160.44043
1012,16.85,160.42035
1013,16.867,160.40556
1014,16.883,160.39647
1015,16.9,160.39256
1016,16.917,160.39229
1017,16.933,160.39397
1018,16.95,160.39729
1019,16.967,160.40346
1020,16.983,160.41371
1021,17,160.42853
1022,17.017,160.44653
1023,17.033,160.46414
1024,17.05,160.47816
1025,17.067,160.48882
1026,17.083,160.49843
1027,17.1,160.5083
1028,17.117,160.51781
1029,17.133,160.52567
1030,17.15,160.53108
1031,17.167,160.53433
1032,17.183,160.53679
1033,17.2,160.54013
1034,17.217,160.5446
1035,17.233,160.54826
1036,17.25,160.54794
1037,17.267,160.54137
1038,17.283,160.52791
1039,17.3,160.50836
1040,17.317,160.48416
1041,17.333,160.4575
1042,17.35,160.43069
1043,17.367,160.40533
1044,17.383,160.38219
1045,17.4,160.36165
1046,17.417,160.34468
1047,17.433,160.3333
1048,17.45,160.33038
1049,17.467,160.33812
1050,17.483,160.35689
1051,17.5,160.38464
1052,17.517,160.41689
1053,17.533,160.44853
1054,17.55,160.47636
1055,17.567,160.49945
1056,17.583,160.51752
1057,17.6,160.53064
1058,17.617,160.54042
1059,17.633,160.5497
1060,17.65,160.56076
1061,17.667,160.57391
1062,17.683,160.58798
1063,17.7,160.60173
1064,17.717,160.61475
1065,17.733,160.6272
1066,17.75,160.6393
1067,17.767,160.65085
1068,17.783,160.66112
1069,17.8,160.66953
1070,17.817,160.67606
1071,17.833,160.68091
1072,17.85,160.6839
1073,17.867,160.68463
1074,17.883,160.68304
1075,17.9,160.68007
1076,17.917,160.67703
1077,17.933,160.67513
1078,17.95,160.67471
1079,17.967,160.67563
1080,17.983,160.67763
1081,18,160.681
1082,18.017,160.68608
1083,18.033,160.69273
1084,18.05,160.70012
1085,18.067,160.70732
1086,18.083,160.71376
1087,18.1,160.71898
1088,18.117,160.72192
1089,18.133,160.72128
1090,18.15,160.71678
1091,18.167,160.7094
1092,18.183,160.70024
1093,18.2,160.68945
1094,18.217,160.6769
1095,18.233,160.66348
1096,18.25,160.65088
1097,18.267,160.64009
1098,18.283,160.63054
1099,18.3,160.62067
1100,18.317,160.60857
1101,18.333,160.59256
1102,18.35,160.57088
1103,18.367,160.54155
1104,18.383,160.50211
1105,18.4,160.44933
1106,18.417,160.38054
1107,18.433,160.29581
1108,18.45,160.19882
1109,18.467,160.09557
1110,18.483,159.99187
1111,18.5,159.89207
1112,18.517,159.79919
1113,18.533,159.71631
1114,18.55,159.64647
1115,18.567,159.59129
1116,18.583,159.55035
1117,18.6,159.52182
1118,18.617,159.50343
1119,18.633,159.4929
1120,18.65,159.48892
1121,18.667,159.49152
1122,18.683,159.5022
1123,18.7,159.52293
1124,18.717,159.55461
1125,18.733,159.59662
1126,18.75,159.64546
1127,18.767,159.69341
1128,18.783,159.73021
1129,18.8,159.74879
1130,18.817,159.7489
1131,18.833,159.73564
1132,18.85,159.71683
1133,18.867,159.70164
1134,18.883,159.70009
1135,18.9,159.72047
1136,18.917,159.76717
1137,18.933,159.84036
1138,18.95,159.93594
1139,18.967,160.04259
1140,18.983,160.14226
1141,19,160.21805
1142,19.017,160.26321
1143,19.033,160.28316
1144,19.05,160.28923
1145,19.067,160.29236
1146,19.083,160.30141
1147,19.1,160.32376
1148,19.117,160.36369
1149,19.133,160.4192
1150,19.15,160.48264
1151,19.167,160.5455
1152,19.183,160.60309
1153,19.2,160.6543
1154,19.217,160.69728
1155,19.233,160.72771
1156,19.25,160.74155
1157,19.267,160.7373
1158,19.283,160.71622
1159,19.3,160.68192
1160,19.317,160.63895
1161,19.333,160.59265
1162,19.35,160.5515
1163,19.367,160.52518
1164,19.383,160.51964
1165,19.4,160.5349
1166,19.417,160.56471
1167,19.433,160.59735
1168,19.45,160.62073
1169,19.467,160.62805
1170,19.483,160.61841
1171,19.5,160.59479
1172,19.517,160.56326
1173,19.533,160.53125
1174,19.55,160.50562
1175,19.567,160.49202
1176,19.583,160.49385
1177,19.6,160.51083
1178,19.617,160.53978
1179,19.633,160.57797
1180,19.65,160.62598
1181,19.667,160.68665
1182,19.683,160.7617
1183,19.7,160.85056
1184,19.717,160.95116
1185,19.733,161.0601
1186,19.75,161.1731
1187,19.767,161.28812
1188,19.783,161.40494
1189,19.8,161.51573
1190,19.817,161.59279
1191,19.833,161.58327
1192,19.85,161.41757
1193,19.867,161.02713
1194,19.883,160.35892
1195,19.9,159.38618
1196,19.917,158.11565
1197,19.933,156.58157
1198,19.95,154.83237
1199,19.967,152.9201
1200,19.983,150.89224
1201,20,148.78473
1202,20.017,146.61836
1203,20.033,144.405
1204,20.05,142.15521
1205,20.067,139.87764
1206,20.083,137.57758
1207,20.1,135.25728
1208,20.117,132.91937
1209,20.133,130.57771
1210,20.15,128.26181
1211,20.167,126.00742
1212,20.183,123.84876
1213,20.2,121.81284
1214,20.217,119.91093
1215,20.233,118.1364
1216,20.25,116.47365
1217,20.267,114.91119
1218,20.283,113.45219
1219,20.3,112.1128
1220,20.317,110.91187
1221,20.333,109.86697
1222,20.35,108.99387
1223,20.367,108.29822
1224,20.383,107.76728
1225,20.4,107.37122
1226,20.417,107.08015
1227,20.433,106.88396
1228,20.45,106.79338
1229,20.467,106.82654
1230,20.483,107.00656
1231,20.5,107.37097
1232,20.517,107.97128
1233,20.533,108.85674
1234,20.55,110.05696
1235,20.567,111.5777
1236,20.583,113.40697
1237,20.6,115.51739
1238,20.617,117.86143
1239,20.633,120.36977
1240,20.65,122.96096
1241,20.667,125.56023
1242,20.683,128.11526
1243,20.7,130.6032
1244,20.717,133.02602
1245,20.733,135.39632
1246,20.75,137.72331
1247,20.767,140.00703
1248,20.783,142.24062
1249,20.8,144.41855
1250,20.817,146.54193
1251,20.833,148.61607
1252,20.85,150.64081
1253,20.867,152.60074
1254,20.883,154.46465
1255,20.9,156.19165
1256,20.917,157.73694
1257,20.933,159.0594
1258,20.95,160.13091
1259,20.967,160.94339
1260,20.983,161.50461
1261,21,161.82771
1262,21.017,161.92935
1263,21.033,161.83676
1264,21.05,161.58871
1265,21.067,161.22752
1266,21.083,160.79352
1267,21.1,160.32524
1268,21.117,159.8587
1269,21.133,159.42299
1270,21.15,159.0365
1271,21.167,158.70723
1272,21.183,158.43568
1273,21.2,158.21841
1274,21.217,158.05052
1275,21.233,157.92673
1276,21.25,157.84103
1277,21.267,157.78586
1278,21.283,157.75208
1279,21.3,157.73157
1280,21.317,157.72052
1281,21.333,157.72076
1282,21.35,157.74083
1283,21.367,157.79567
1284,21.383,157.90303
1285,21.4,158.07834
1286,21.417,158.33331
1287,21.433,158.67592
1288,21.45,159.10678
1289,21.467,159.6152
1290,21.483,160.1799
1291,21.5,160.76782
1292,21.517,161.32993
1293,21.533,161.80331
1294,21.55,162.12115
1295,21.567,162.22026
1296,21.583,162.04663
1297,21.6,161.56424
1298,21.617,160.76009
1299,21.633,159.64238
1300,21.65,158.23795
1301,21.667,156.58675
1302,21.683,154.73561
1303,21.7,152.73503
1304,21.717,150.63127
1305,21.733,148.45615
1306,21.75,146.22627
1307,21.767,143.94682
1308,21.783,141.61378
1309,21.8,139.2215
1310,21.817,136.77382
1311,21.833,134.28654
1312,21.85,131.78387
1313,21.867,129.29999
1314,21.883,126.87959
1315,21.9,124.57072
1316,21.917,122.41663
1317,21.933,120.45
1318,21.95,118.68377
1319,21.967,117.1009
1320,21.983,115.65656
1321,22,114.29906
1322,22.017,112.99432
1323,22.033,111.74052
1324,22.05,110.56417
1325,22.067,109.49947
1326,22.083,108.56713
1327,22.1,107.76574
1328,22.117,107.07234
1329,22.133,106.45267
1330,22.15,105.8813
1331,22.167,105.35905
1332,22.183,104.9142
1333,22.2,104.58849
1334,22.217,104.42173
1335,22.233,104.4418
1336,22.25,104.65824
1337,22.267,105.06398
1338,22.283,105.64416
1339,22.3,106.3801
1340,22.317,107.24839
1341,22.333,108.22123
1342,22.35,109.27426
1343,22.367,110.39915
1344,22.383,111.6066
1345,22.4,112.91693
1346,22.417,114.35294
1347,22.433,115.93571
1348,22.45,117.67085
1349,22.467,119.53895
1350,22.483,121.50862
1351,22.5,123.55419
1352,22.517,125.6571
1353,22.533,127.79961
1354,22.55,129.96167
1355,22.567,132.12025
1356,22.583,134.25044
1357,22.6,136.33305
1358,22.617,138.36189
1359,22.633,140.34306
1360,22.65,142.29019
1361,22.667,144.22066
1362,22.683,146.14577
1363,22.7,148.05522
1364,22.717,149.91837
1365,22.733,151.70255
1366,22.75,153.38402
1367,22.767,154.94734
1368,22.783,156.38361
1369,22.8,157.68904
1370,22.817,158.8596
1371,22.833,159.88794
1372,22.85,160.76959
1373,22.867,161.50789
1374,22.883,162.1091
1375,22.9,162.57283
1376,22.917,162.88797
1377,22.933,163.04245
1378,22.95,163.03896
1379,22.967,162.89648
1380,22.983,162.6395
1381,23,162.29445
1382,23.017,161.89081
1383,23.033,161.45694
1384,23.05,161.01553
1385,23.067,160.5844
1386,23.083,160.17886
1387,23.1,159.81316
1388,23.117,159.49969
1389,23.133,159.24673
1390,23.15,159.05489
1391,23.167,158.91335
1392,23.183,158.80141
1393,23.2,158.69791
1394,23.217,158.59151
1395,23.233,158.48288
1396,23.25,158.37944
1397,23.267,158.28923
1398,23.283,158.21843
1399,23.3,158.17049
1400,23.317,158.14478
1401,23.333,158.13557
1402,23.35,158.1342
1403,23.367,158.13159
1404,23.383,158.12045
1405,23.4,158.09645
1406,23.417,158.05829
1407,23.433,158.0071
1408,23.45,157.94659
1409,23.467,157.88344
1410,23.483,157.82668
1411,23.5,157.78674
1412,23.517,157.77486
1413,23.533,157.80301
1414,23.55,157.88405
1415,23.567,158.03159
1416,23.583,158.25731
1417,23.6,158.5652
1418,23.617,158.94566
1419,23.633,159.37624
1420,23.65,159.83028
1421,23.667,160.28392
1422,23.683,160.71437
1423,23.7,161.09599
1424,23.717,161.40292
1425,23.733,161.61572
1426,23.75,161.72279
1427,23.767,161.71289
1428,23.783,161.56628
1429,23.8,161.25346
1430,23.817,160.74405
1431,23.833,160.01526
1432,23.85,159.04909
1433,23.867,157.83101
1434,23.883,156.36476
1435,23.9,154.68509
1436,23.917,152.84605
1437,23.933,150.89587
1438,23.95,148.86511
1439,23.967,146.77246
1440,23.983,144.63148
1441,24,142.45311
1442,24.017,140.25014
1443,24.033,138.04536
1444,24.05,135.87144
1445,24.067,133.75854
1446,24.083,131.72581
1447,24.1,129.78369
1448,24.117,127.93732
1449,24.133,126.18237
1450,24.15,124.50138
1451,24.167,122.87263
1452,24.183,121.28331
1453,24.2,119.731
1454,24.217,118.21834
1455,24.233,116.75033
1456,24.25,115.33488
1457,24.267,113.98225
1458,24.283,112.70203
1459,24.3,111.49931
1460,24.317,110.37354
1461,24.333,109.32191
1462,24.35,108.34434
1463,24.367,107.44774
1464,24.383,106.64569
1465,24.4,105.95291
1466,24.417,105.3795
1467,24.433,104.93197
1468,24.45,104.61506
1469,24.467,104.43027
1470,24.483,104.37377
1471,24.5,104.43579
1472,24.517,104.60364
1473,24.533,104.87073
1474,24.55,105.24747
1475,24.567,105.7606
1476,24.583,106.43999
1477,24.6,107.3036
1478,24.617,108.34965
1479,24.633,109.5569
1480,24.65,110.89202
1481,24.667,112.31731
1482,24.683,113.79345
1483,24.7,115.28582
1484,24.717,116.77774
1485,24.733,118.27756
1486,24.75,119.80911
1487,24.767,121.39236
1488,24.783,123.03576
1489,24.8,124.74429
1490,24.817,126.52209
1491,24.833,128.36481
1492,24.85,130.25598
1493,24.867,132.16837
1494,24.883,134.06293
1495,24.9,135.89645
1496,24.917,137.64429
1497,24.933,139.31339
1498,24.95,140.92943
1499,24.967,142.51927
1500,24.983,144.10489
1501,25,145.70253
1502,25.017,147.3219
1503,25.033,148.96161
1504,25.05,150.60475
1505,25.067,152.22221
1506,25.083,153.78194
1507,25.1,155.25401
1508,25.117,156.61171
1509,25.133,157.83414
1510,25.15,158.90929
1511,25.167,159.83429
1512,25.183,160.61246
1513,25.2,161.2498
1514,25.217,161.75298
1515,25.233,162.125
1516,25.25,162.36229
1517,25.267,162.46284
1518,25.283,162.43578
1519,25.3,162.30148
1520,25.317,162.08653
1521,25.333,161.81845
1522,25.35,161.51886
1523,25.367,161.19867
1524,25.383,160.86012
1525,25.4,160.50359
1526,25.417,160.133
1527,25.433,159.75598
1528,25.45,159.38287
1529,25.467,159.03119
1530,25.483,158.72662
1531,25.5,158.492
1532,25.517,158.33392
1533,25.533,158.24033
1534,25.55,158.18779
1535,25.567,158.15157
1536,25.583,158.11343
1537,25.6,158.06432
1538,25.617,158.00356
1539,25.633,157.93629
1540,25.65,157.86951
1541,25.667,157.80844
1542,25.683,157.75603
1543,25.7,157.7146
1544,25.717,157.68794
1545,25.733,157.68192
1546,25.75,157.70267
1547,25.767,157.75206
1548,25.783,157.82541
1549,25.8,157.91431
1550,25.817,158.01024
1551,25.833,158.10603
1552,25.85,158.19518
1553,25.867,158.27094
1554,25.883,158.327
1555,25.9,158.35939
1556,25.917,158.36922
1557,25.933,158.36317
1558,25.95,158.35397
1559,25.967,158.35931
1560,25.983,158.40033
1561,26,158.49902
1562,26.017,158.67412
1563,26.033,158.93379
1564,26.05,159.27039
1565,26.067,159.66364
1566,26.083,160.08932
1567,26.1,160.52197
1568,26.117,160.93094
1569,26.133,161.27689
1570,26.15,161.51628
1571,26.167,161.6115
1572,26.183,161.53467
1573,26.2,161.26057
1574,26.217,160.76166
1575,26.233,160.01546
1576,26.25,159.01622
1577,26.267,157.77858
1578,26.283,156.33943
1579,26.3,154.75565
1580,26.317,153.08607
1581,26.333,151.36923
1582,26.35,149.61652
1583,26.367,147.82095
1584,26.383,145.96935
1585,26.4,144.04892
1586,26.417,142.05013
1587,26.433,139.97279
1588,26.45,137.83083
1589,26.467,135.64995
1590,26.483,133.46536
1591,26.5,131.31802
1592,26.517,129.24561
1593,26.533,127.27392
1594,26.55,125.41499
1595,26.567,123.66697
1596,26.583,122.01878
1597,26.6,120.46085
1598,26.617,118.99116
1599,26.633,117.60949
1600,26.65,116.30961
1601,26.667,115.07867
1602,26.683,113.90223
1603,26.7,112.76723
1604,26.717,111.6636
1605,26.733,110.59322
1606,26.75,109.57664
1607,26.767,108.64743
1608,26.783,107.84412
1609,26.8,107.20333
1610,26.817,106.75369
1611,26.833,106.51552
1612,26.85,106.50331
1613,26.867,106.72631
1614,26.883,107.18694
1615,26.9,107.8783
1616,26.917,108.78513
1617,26.933,109.88802
1618,26.95,111.16476
1619,26.967,112.58708
1620,26.983,114.12202
1621,27,115.74132
1622,27.017,117.4268
1623,27.033,119.16766
1624,27.05,120.95767
1625,27.067,122.79567
1626,27.083,124.68878
1627,27.1,126.65102
1628,27.117,128.69138
1629,27.133,130.80052
1630,27.15,132.95042
1631,27.167,135.11069
1632,27.183,137.26471
1633,27.2,139.4113
1634,27.217,141.55507
1635,27.233,143.69429
1636,27.25,145.81227
1637,27.267,147.87996
1638,27.283,149.86838
1639,27.3,151.75899
1640,27.317,153.54271
1641,27.333,155.20813
1642,27.35,156.7328
1643,27.367,158.08737
1644,27.383,159.24409
1645,27.4,160.18242
1646,27.417,160.89354
1647,27.433,161.38417
1648,27.45,161.67595
1649,27.467,161.79985
1650,27.483,161.79008
1651,27.5,161.67606
1652,27.517,161.47499
1653,27.533,161.19702
1654,27.55,160.85893
1655,27.567,160.48682
1656,27.583,160.10722
1657,27.6,159.74112
1658,27.617,159.40599
1659,27.633,159.11676
1660,27.65,158.88271
1661,27.667,158.70528
1662,27.683,158.57959
1663,27.7,158.49689
1664,27.717,158.44711
1665,27.733,158.42076
1666,27.75,158.41037
1667,27.767,158.41225
1668,27.783,158.42542
1669,27.8,158.44992
1670,27.817,158.48602
1671,27.833,158.53358
1672,27.85,158.59148
1673,27.867,158.65712
1674,27.883,158.72659
1675,27.9,158.79515
1676,27.917,158.85818
1677,27.933,158.91364
1678,27.95,158.96481
1679,27.967,159.02161
1680,27.983,159.09917
1681,28,159.21443
1682,28.017,159.38013
1683,28.033,159.60031
1684,28.05,159.87
1685,28.067,160.17856
1686,28.083,160.51593
1687,28.1,160.87569
1688,28.117,161.24921
1689,28.133,161.61555
1690,28.15,161.93614
1691,28.167,162.15475
1692,28.183,162.201
1693,28.2,162.00063
1694,28.217,161.49547
1695,28.233,160.6662
1696,28.25,159.53972
1697,28.267,158.17662
1698,28.283,156.65254
1699,28.3,155.03938
1700,28.317,153.38918
1701,28.333,151.72899
1702,28.35,150.0665
1703,28.367,148.39565
1704,28.383,146.70042
1705,28.4,144.96277
1706,28.417,143.17381
1707,28.433,141.34023
1708,28.45,139.47763
1709,28.467,137.59792
1710,28.483,135.70313
1711,28.5,133.79376
1712,28.517,131.88165
1713,28.533,129.99269
1714,28.55,128.15877
1715,28.567,126.40343
1716,28.583,124.72756
1717,28.6,123.11084
1718,28.617,121.53028
1719,28.633,119.97855
1720,28.65,118.46947
1721,28.667,117.02633
1722,28.683,115.6639
1723,28.7,114.38253
1724,28.717,113.17187
1725,28.733,112.01725
1726,28.75,110.9083
1727,28.767,109.84747
1728,28.783,108.85244
1729,28.8,107.94974
1730,28.817,107.1649
1731,28.833,106.51634
1732,28.85,106.01678
1733,28.867,105.67802
1734,28.883,105.51582
1735,28.9,105.54911
1736,28.917,105.79393
1737,28.933,106.25685
1738,28.95,106.93105
1739,28.967,107.79379
1740,28.983,108.80779
1741,29,109.92903
1742,29.017,111.11776
1743,29.033,112.34834
1744,29.05,113.61529
1745,29.067,114.9312
1746,29.083,116.31566
1747,29.1,117.78235
1748,29.117,119.33167
1749,29.133,120.954
1750,29.15,122.64253
1751,29.167,124.40049
1752,29.183,126.23238
1753,29.2,128.13121
1754,29.217,130.07718
1755,29.233,132.04422
1756,29.25,134.00668
1757,29.267,135.94489
1758,29.283,137.84999
1759,29.3,139.72305
1760,29.317,141.56735
1761,29.333,143.38411
1762,29.35,145.17693
1763,29.367,146.95279
1764,29.383,148.71635
1765,29.4,150.46638
1766,29.417,152.19415
1767,29.433,153.88008
1768,29.45,155.49345
1769,29.467,156.99715
1770,29.483,158.35338
1771,29.5,159.52763
1772,29.517,160.4953
1773,29.533,161.24863
1774,29.55,161.79102
1775,29.567,162.12503
1776,29.583,162.25279
1777,29.6,162.18924
1778,29.617,161.96938
1779,29.633,161.64006
1780,29.65,161.2453
1781,29.667,160.81694
1782,29.683,160.37564
1783,29.7,159.93701
1784,29.717,159.51643
1785,29.733,159.13287
1786,29.75,158.80766
1787,29.767,158.55678
1788,29.783,158.38539
1789,29.8,158.2885
1790,29.817,158.25461
1791,29.833,158.27029
1792,29.85,158.32327
1793,29.867,158.40268
1794,29.883,158.49767
1795,29.9,158.59795
1796,29.917,158.69534
1797,29.933,158.78354
1798,29.95,158.85629
1799,29.967,158.9084
1800,29.983,158.93936
1801,30,158.95743
1802,30.017,158.98032
1803,30.033,159.03214
1804,30.05,159.13768
1805,30.067,159.31613
1806,30.083,159.57799
1807,30.1,159.92543
1808,30.117,160.35245
1809,30.133,160.84332
1810,30.15,161.37219
1811,30.167,161.90134
1812,30.183,162.3788
1813,30.2,162.74113
1814,30.217,162.92039
1815,30.233,162.8488
1816,30.25,162.46756
1817,30.267,161.74088
1818,30.283,160.66113
1819,30.3,159.2468
1820,30.317,157.5414
1821,30.333,155.60858
1822,30.35,153.51785
1823,30.367,151.32875
1824,30.383,149.08105
1825,30.4,146.79691
1826,30.417,144.49052
1827,30.433,142.1718
1828,30.45,139.84534
1829,30.467,137.51334
1830,30.483,135.18069
1831,30.5,132.86342
1832,30.517,130.59195
1833,30.533,128.39999
1834,30.55,126.31036
1835,30.567,124.33228
1836,30.583,122.46621
1837,30.6,120.70895
1838,30.617,119.06
1839,30.633,117.52543
1840,30.65,116.11021
1841,30.667,114.80792
1842,30.683,113.59924
1843,30.7,112.4601
1844,30.717,111.37662
1845,30.733,110.35544
1846,30.75,109.41747
1847,30.767,108.58362
1848,30.783,107.86434
1849,30.8,107.25894
1850,30.817,106.76283
1851,30.833,106.37529
1852,30.85,106.10094
1853,30.867,105.94714
1854,30.883,105.92282
1855,30.9,106.03934
1856,30.917,106.30853
1857,30.933,106.74047
1858,30.95,107.3464
1859,30.967,108.13865
1860,30.983,109.12003
1861,31,110.27674
1862,31.017,111.58687
1863,31.033,113.03165
1864,31.05,114.59581
1865,31.067,116.26426
1866,31.083,118.0242
1867,31.1,119.86784
1868,31.117,121.79095
1869,31.133,123.79025
1870,31.15,125.86125
1871,31.167,127.99451
1872,31.183,130.16957
1873,31.2,132.35466
1874,31.217,134.51564
1875,31.233,136.62263
1876,31.25,138.65038
1877,31.267,140.58244
1878,31.283,142.41827
1879,31.3,144.17058
1880,31.317,145.85814
1881,31.333,147.50275
1882,31.35,149.12364
1883,31.367,150.72896
1884,31.383,152.31279
1885,31.4,153.85696
1886,31.417,155.33624
1887,31.433,156.7231
1888,31.45,157.98856
1889,31.467,159.10712
1890,31.483,160.06577
1891,31.5,160.86665
1892,31.517,161.52222
1893,31.533,162.04533
1894,31.55,162.43695
1895,31.567,162.68568
1896,31.583,162.78189
1897,31.6,162.72766
1898,31.617,162.5356
1899,31.633,162.2276
1900,31.65,161.84016
1901,31.667,161.4278
1902,31.683,161.04834
1903,31.7,160.73999
1904,31.717,160.5125
1905,31.733,160.35455
1906,31.75,160.2449
1907,31.767,160.16122
1908,31.783,160.08647
1909,31.8,160.01036
1910,31.817,159.92738
1911,31.833,159.83368
1912,31.85,159.72449
1913,31.867,159.59332
1914,31.883,159.43411
1915,31.9,159.24438
1916,31.917,159.02692
1917,31.933,158.79021
1918,31.95,158.54704
1919,31.967,158.31271
1920,31.983,158.10323
1921,32,157.93217
1922,32.017,157.80925
1923,32.033,157.74182
1924,32.05,157.73804
1925,32.067,157.80788
1926,32.083,157.96149
1927,32.1,158.20625
1928,32.117,158.54448
1929,32.133,158.97218
1930,32.15,159.47868
1931,32.167,160.04637
1932,32.183,160.6501
1933,32.2,161.25406
1934,32.217,161.80881
1935,32.233,162.25394
1936,32.25,162.52737
1937,32.267,162.57442
1938,32.283,162.35074
1939,32.3,161.82745
1940,32.317,160.99895
1941,32.333,159.87959
1942,32.35,158.49283
1943,32.367,156.87103
1944,32.383,155.05869
1945,32.4,153.10097
1946,32.417,151.03394
1947,32.433,148.88914
1948,32.45,146.70358
1949,32.467,144.52156
1950,32.483,142.38129
1951,32.5,140.29744
1952,32.517,138.2625
1953,32.533,136.26494
1954,32.55,134.30638
1955,32.567,132.40262
1956,32.583,130.56877
1957,32.6,128.80206
1958,32.617,127.08068
1959,32.633,125.38057
1960,32.65,123.69717
1961,32.667,122.05728
1962,32.683,120.50983
1963,32.7,119.09777
1964,32.717,117.8334
1965,32.733,116.6966
1966,32.75,115.64971
1967,32.767,114.65608
1968,32.783,113.6957
1969,32.8,112.76982
1970,32.817,111.89475
1971,32.833,111.09351
1972,32.85,110.38916
1973,32.867,109.79927
1974,32.883,109.33192
1975,32.9,108.98485
1976,32.917,108.74831
1977,32.933,108.61175
1978,32.95,108.57202
1979,32.967,108.63689
1980,32.983,108.82249
1981,33,109.14935
1982,33.017,109.63904
1983,33.033,110.31379
1984,33.05,111.19514
1985,33.067,112.2942
1986,33.083,113.60238
1987,33.1,115.09216
1988,33.117,116.72655
1989,33.133,118.47214
1990,33.15,120.30672
1991,33.167,122.21596
1992,33.183,124.18658
1993,33.2,126.20068
1994,33.217,128.23381
1995,33.233,130.26456
1996,33.25,132.2892
1997,33.267,134.32092
1998,33.283,136.37161
1999,33.3,138.43922
2000,33.317,140.51443
2001,33.333,142.59079
2002,33.35,144.66618
2003,33.367,146.7404
2004,33.383,148.81227
2005,33.4,150.87166
2006,33.417,152.89046
2007,33.433,154.82173
2008,33.45,156.60788
2009,33.467,158.19261
2010,33.483,159.53439
2011,33.5,160.61578
2012,33.517,161.44077
2013,33.533,162.02589
2014,33.55,162.39333
2015,33.567,162.56772
2016,33.583,162.57436
2017,33.6,162.43716
2018,33.617,162.18143
2019,33.633,161.83768
2020,33.65,161.43834
2021,33.667,161.01263
2022,33.683,160.58749
2023,33.7,160.19107
2024,33.717,159.84941
2025,33.733,159.57784
2026,33.75,159.37498
2027,33.767,159.22543
2028,33.783,159.10667
2029,33.8,158.99617
2030,33.817,158.87749
2031,33.833,158.74472
2032,33.85,158.60361
2033,33.867,158.46828
2034,33.883,158.35356
2035,33.9,158.26875
2036,33.917,158.21729
2037,33.933,158.1998
2038,33.95,158.21655
2039,33.967,158.26909
2040,33.983,158.36182
2041,34,158.50369
2042,34.017,158.70847
2043,34.033,158.99043
2044,34.05,159.3582
2045,34.067,159.80965
2046,34.083,160.32895
2047,34.1,160.88383
2048,34.117,161.42784
2049,34.133,161.90501
2050,34.15,162.25021
2051,34.167,162.39194
2052,34.183,162.2623
2053,34.2,161.81004
2054,34.217,161.01085
2055,34.233,159.87112
2056,34.25,158.42284
2057,34.267,156.7164
2058,34.283,154.81633
2059,34.3,152.78792
2060,34.317,150.67845
2061,34.333,148.51456
2062,34.35,146.31375
2063,34.367,144.09137
2064,34.383,141.8595
2065,34.4,139.62303
2066,34.417,137.38011
2067,34.433,135.13072
2068,34.45,132.88484
2069,34.467,130.65868
2070,34.483,128.46306
2071,34.5,126.29835
2072,34.517,124.16199
2073,34.533,122.06091
2074,34.55,120.0163
2075,34.567,118.05885
2076,34.583,116.22135
2077,34.6,114.52917
2078,34.617,112.99034
2079,34.633,111.5975
2080,34.65,110.3399
2081,34.667,109.20925
2082,34.683,108.19843
2083,34.7,107.30295
2084,34.717,106.52623
2085,34.733,105.88129
2086,34.75,105.38852
2087,34.767,105.07114
2088,34.783,104.94783
2089,34.8,105.02692
2090,34.817,105.30615
2091,34.833,105.77441
2092,34.85,106.41342
2093,34.867,107.20278
2094,34.883,108.12868
2095,34.9,109.18773
2096,34.917,110.38196
2097,34.933,111.7123
2098,34.95,113.17797
2099,34.967,114.77692
2100,34.983,116.50122
2101,35,118.33456
2102,35.017,120.25764
2103,35.033,122.25117
2104,35.05,124.29292
2105,35.067,126.35851
2106,35.083,128.42633
2107,35.1,130.48283
2108,35.117,132.52533
2109,35.133,134.55809
2110,35.15,136.58388
2111,35.167,138.60081
2112,35.183,140.60783
2113,35.2,142.60594
2114,35.217,144.5905
2115,35.233,146.54903
2116,35.25,148.46861
2117,35.267,150.33864
2118,35.283,152.14919
2119,35.3,153.89304
2120,35.317,155.56223
2121,35.333,157.13583
2122,35.35,158.57675
2123,35.367,159.84055
2124,35.383,160.88426
2125,35.4,161.67592
2126,35.417,162.20496
2127,35.433,162.48543
2128,35.45,162.55109
2129,35.467,162.44675
2130,35.483,162.21713
2131,35.5,161.90007
2132,35.517,161.52568
2133,35.533,161.11757
2134,35.55,160.6949
2135,35.567,160.2757
2136,35.583,159.87843
2137,35.6,159.51906
2138,35.617,159.2047
2139,35.633,158.93253
2140,35.65,158.6946
2141,35.667,158.48312
2142,35.683,158.29271
2143,35.7,158.12135
2144,35.717,157.97131
2145,35.733,157.84856
2146,35.75,157.76009
2147,35.767,157.71046
2148,35.783,157.70042
2149,35.8,157.72717
2150,35.817,157.78525
2151,35.833,157.86783
2152,35.85,157.96954
2153,35.867,158.08995
2154,35.883,158.23499
2155,35.9,158.41629
2156,35.917,158.64954
2157,35.933,158.95224
2158,35.95,159.33882
2159,35.967,159.81494
2160,35.983,160.37407
2161,36,160.99428
2162,36.017,161.63322
2163,36.033,162.22272
2164,36.05,162.67152
2165,36.067,162.8821
2166,36.083,162.77409
2167,36.1,162.3027
2168,36.117,161.46907
2169,36.133,160.31807
2170,36.15,158.91846
2171,36.167,157.3376
2172,36.183,155.62598
2173,36.2,153.81506
2174,36.217,151.92465
2175,36.233,149.96834
2176,36.25,147.95639
2177,36.267,145.90164
2178,36.283,143.82532
2179,36.3,141.75525
2180,36.317,139.71524
2181,36.333,137.71562
2182,36.35,135.75739
2183,36.367,133.84184
2184,36.383,131.9753
2185,36.4,130.16704
2186,36.417,128.41888
2187,36.433,126.7108
2188,36.45,125.00634
2189,36.467,123.2795
2190,36.483,121.53043
2191,36.5,119.78149
2192,36.517,118.06783
2193,36.533,116.42632
2194,36.55,114.8847
2195,36.567,113.45721
2196,36.583,112.14563
2197,36.6,110.94338
2198,36.617,109.84067
2199,36.633,108.83162
2200,36.65,107.91996
2201,36.667,107.11781
2202,36.683,106.43913
2203,36.7,105.89537
2204,36.717,105.49634
2205,36.733,105.25266
2206,36.75,105.17797
2207,36.767,105.29012
2208,36.783,105.60796
2209,36.8,106.14379
2210,36.817,106.89835
2211,36.833,107.86108
2212,36.85,109.01257
2213,36.867,110.32763
2214,36.883,111.78294
2215,36.9,113.36681
2216,36.917,115.07873
2217,36.933,116.91561
2218,36.95,118.85773
2219,36.967,120.86993
2220,36.983,122.91251
2221,37,124.95025
2222,37.017,126.95943
2223,37.033,128.9334
2224,37.05,130.88165
2225,37.067,132.82149
2226,37.083,134.76358
2227,37.1,136.70364
2228,37.117,138.6283
2229,37.133,140.5251
2230,37.15,142.38676
2231,37.167,144.21118
2232,37.183,146.00079
2233,37.2,147.76228
2234,37.217,149.50314
2235,37.233,151.2224
2236,37.25,152.9062
2237,37.267,154.53242
2238,37.283,156.07384
2239,37.3,157.49919
2240,37.317,158.77744
2241,37.333,159.88231
2242,37.35,160.79256
2243,37.367,161.49129
2244,37.383,161.96953
2245,37.4,162.23271
2246,37.417,162.30235
2247,37.433,162.20712
2248,37.45,161.97585
2249,37.467,161.63582
2250,37.483,161.21086
2251,37.5,160.7242
2252,37.517,160.20563
2253,37.533,159.69292
2254,37.55,159.22549
2255,37.567,158.83604
2256,37.583,158.54413
2257,37.6,158.35498
2258,37.617,158.26234
2259,37.633,158.25157
2260,37.65,158.30197
2261,37.667,158.39021
2262,37.683,158.49417
2263,37.7,158.59599
2264,37.717,158.68332
2265,37.733,158.74869
2266,37.75,158.78804
2267,37.767,158.80043
2268,37.783,158.78842
2269,37.8,158.75822
2270,37.817,158.71849
2271,37.833,158.67886
2272,37.85,158.65034
2273,37.867,158.6474
2274,37.883,158.69008
2275,37.9,158.80278
2276,37.917,159.00877
2277,37.933,159.32187
2278,37.95,159.73956
2279,37.967,160.24168
2280,37.983,160.79231
2281,38,161.34285
2282,38.017,161.83852
2283,38.033,162.22804
2284,38.05,162.47014
2285,38.067,162.53011
2286,38.083,162.37212
2287,38.1,161.96347
2288,38.117,161.285
2289,38.133,160.33713
2290,38.15,159.14328
2291,38.167,157.74641
2292,38.183,156.19554
2293,38.2,154.53229
2294,38.217,152.78839
2295,38.233,150.989
2296,38.25,149.14883
2297,38.267,147.26865
2298,38.283,145.34508
2299,38.3,143.37863
2300,38.317,141.36906
2301,38.333,139.31503
2302,38.35,137.22025
2303,38.367,135.09906
2304,38.383,132.98009
2305,38.4,130.89803
2306,38.417,128.87675
2307,38.433,126.92096
2308,38.45,125.02444
2309,38.467,123.18741
2310,38.483,121.42535
2311,38.5,119.76205
2312,38.517,118.2211
2313,38.533,116.82095
2314,38.55,115.56523
2315,38.567,114.4339
2316,38.583,113.39003
2317,38.6,112.39956
2318,38.617,111.44331
2319,38.633,110.51352
2320,38.65,109.60872
2321,38.667,108.73257
2322,38.683,107.89333
2323,38.7,107.10712
2324,38.717,106.40228
2325,38.733,105.8128
2326,38.75,105.36555
2327,38.767,105.07924
2328,38.783,104.97237
2329,38.8,105.06239
2330,38.817,105.35668
2331,38.833,105.85058
2332,38.85,106.53389
2333,38.867,107.39427
2334,38.883,108.41393
2335,38.9,109.56594
2336,38.917,110.81939
2337,38.933,112.1541
2338,38.95,113.57619
2339,38.967,115.11889
2340,38.983,116.81915
2341,39,118.68311
2342,39.017,120.67368
2343,39.033,122.72915
2344,39.05,124.79248
2345,39.067,126.83161
2346,39.083,128.8382
2347,39.1,130.81
2348,39.117,132.74294
2349,39.133,134.63831
2350,39.15,136.50703
2351,39.167,138.36392
2352,39.183,140.21902
2353,39.2,142.07359
2354,39.217,143.92307
2355,39.233,145.76392
2356,39.25,147.59914
2357,39.267,149.43239
2358,39.283,151.25592
2359,39.3,153.04921
2360,39.317,154.78384
2361,39.333,156.42104
2362,39.35,157.91058
2363,39.367,159.20351
2364,39.383,160.26573
2365,39.4,161.0789
2366,39.417,161.63838
2367,39.433,161.95782
2368,39.45,162.07352
2369,39.467,162.04091
2370,39.483,161.91776
2371,39.5,161.74146
2372,39.517,161.5248
2373,39.533,161.27081
2374,39.55,160.98532
2375,39.567,160.68027
2376,39.583,160.37044
2377,39.6,160.06575
2378,39.617,159.76579
2379,39.633,159.46338
2380,39.65,159.15285
2381,39.667,158.83543
2382,39.683,158.51973
2383,39.7,158.22049
2384,39.717,157.95596
2385,39.733,157.74188
2386,39.75,157.58345
2387,39.767,157.47334
2388,39.783,157.39713
2389,39.8,157.34105
2390,39.817,157.29807
2391,39.833,157.27025
2392,39.85,157.26817
2393,39.867,157.30737
2394,39.883,157.40392
2395,39.9,157.57121
2396,39.917,157.81897
2397,39.933,158.15216
2398,39.95,158.56865
2399,39.967,159.05544
2400,39.983,159.58705
2401,40,160.12822
2402,40.017,160.6405
2403,40.033,161.08983
2404,40.05,161.45111
2405,40.067,161.7093
2406,40.083,161.85507
2407,40.1,161.87485
2408,40.117,161.74094
2409,40.133,161.41029
2410,40.15,160.83745
2411,40.167,159.9948
2412,40.183,158.88528
2413,40.2,157.53726
2414,40.217,155.98906
2415,40.233,154.28079
2416,40.25,152.45064
2417,40.267,150.53067
2418,40.283,148.54488
2419,40.3,146.50861
2420,40.317,144.42999
2421,40.333,142.31418
2422,40.35,140.16391
2423,40.367,137.97975
2424,40.383,135.76826
2425,40.4,133.55016
2426,40.417,131.35339
2427,40.433,129.19814
2428,40.45,127.09103
2429,40.467,125.03537
2430,40.483,123.04716
2431,40.5,121.1605
2432,40.517,119.41338
2433,40.533,117.82487
2434,40.55,116.3876
2435,40.567,115.07895
2436,40.583,113.87424
2437,40.6,112.75548
2438,40.617,111.72038
2439,40.633,110.78304
2440,40.65,109.96101
2441,40.667,109.26401
2442,40.683,108.69592
2443,40.7,108.26173
2444,40.717,107.97132
2445,40.733,107.84215
2446,40.75,107.90189
2447,40.767,108.18191
2448,40.783,108.70282
2449,40.8,109.46466
2450,40.817,110.44628
2451,40.833,111.61003
2452,40.85,112.90916
2453,40.867,114.29879
2454,40.883,115.74854
2455,40.9,117.2483
2456,40.917,118.80293
2457,40.933,120.42388
2458,40.95,122.12064
2459,40.967,123.89137
2460,40.983,125.72033
2461,41,127.58365
2462,41.017,129.45847
2463,41.033,131.32816
2464,41.05,133.18135
2465,41.067,135.0121
2466,41.083,136.82281
2467,41.1,138.62044
2468,41.117,140.40837
2469,41.133,142.18797
2470,41.15,143.96478
2471,41.167,145.74934
2472,41.183,147.55508
2473,41.2,149.38928
2474,41.217,151.24036
2475,41.233,153.0748
2476,41.25,154.84499
2477,41.267,156.49503
2478,41.283,157.96635
2479,41.3,159.20944
2480,41.317,160.19453
2481,41.333,160.91397
2482,41.35,161.38103
2483,41.367,161.62971
2484,41.383,161.70988
2485,41.4,161.67369
2486,41.417,161.56041
2487,41.433,161.3914
2488,41.45,161.17612
2489,41.467,160.91878
2490,41.483,160.62283
2491,41.5,160.29669
2492,41.517,159.95602
2493,41.533,159.62134
2494,41.55,159.31363
2495,41.567,159.04906
2496,41.583,158.83403
2497,41.6,158.66319
2498,41.617,158.52425
2499,41.633,158.40503
2500,41.65,158.2988
2501,41.667,158.20558
2502,41.683,158.12979
2503,41.7,158.07784
2504,41.717,158.0571
2505,41.733,158.07544
2506,41.75,158.14049
2507,41.767,158.25826
2508,41.783,158.43106
2509,41.8,158.65657
2510,41.817,158.93109
2511,41.833,159.25505
2512,41.85,159.63205
2513,41.867,160.06055
2514,41.883,160.52699
2515,41.9,161.00607
2516,41.917,161.46466
2517,41.933,161.86406
2518,41.95,162.15854
2519,41.967,162.29514
2520,41.983,162.21864
2521,42,161.88087
2522,42.017,161.25098
2523,42.033,160.32381
2524,42.05,159.12152
2525,42.067,157.68584
2526,42.083,156.06844
2527,42.1,154.32231
2528,42.117,152.49098
2529,42.133,150.59879
2530,42.15,148.65062
2531,42.167,146.64268
2532,42.183,144.57375
2533,42.2,142.45149
2534,42.217,140.29471
2535,42.233,138.13321
2536,42.25,136.00475
2537,42.267,133.94249
2538,42.283,131.96146
2539,42.3,130.06155
2540,42.317,128.23964
2541,42.333,126.49789
2542,42.35,124.84538
2543,42.367,123.29187
2544,42.383,121.83713
2545,42.4,120.46522
2546,42.417,119.14882
2547,42.433,117.85966
2548,42.45,116.58128
2549,42.467,115.31837
2550,42.483,114.09417
2551,42.5,112.93978
2552,42.517,111.8877
2553,42.533,110.96894
2554,42.55,110.20906
2555,42.567,109.62395
2556,42.583,109.22066
2557,42.6,109.0057
2558,42.617,108.99198
2559,42.633,109.19457
2560,42.65,109.62164
2561,42.667,110.27094
2562,42.683,111.12946
2563,42.7,112.17298
2564,42.717,113.36887
2565,42.733,114.68416
2566,42.75,116.09516
2567,42.767,117.58983
2568,42.783,119.15902
2569,42.8,120.78983
2570,42.817,122.46732
2571,42.833,124.17526
2572,42.85,125.89745
2573,42.867,127.62689
2574,42.883,129.37212
2575,42.9,131.14841
2576,42.917,132.96277
2577,42.933,134.80858
2578,42.95,136.67233
2579,42.967,138.5433
2580,42.983,140.416
2581,43,142.28593
2582,43.017,144.14729
2583,43.033,145.99294
2584,43.05,147.81416
2585,43.067,149.60234
2586,43.083,151.35104
2587,43.1,153.05449
2588,43.117,154.70187
2589,43.133,156.27162
2590,43.15,157.72998
2591,43.167,159.03766
2592,43.183,160.15825
2593,43.2,161.06207
2594,43.217,161.73087
2595,43.233,162.16284
2596,43.25,162.36981
2597,43.267,162.37019
2598,43.283,162.18953
2599,43.3,161.86351
2600,43.317,161.43474
2601,43.333,160.94714
2602,43.35,160.44582
2603,43.367,159.97455
2604,43.383,159.56546
2605,43.4,159.23204
2606,43.417,158.97159
2607,43.433,158.77226
2608,43.45,158.62117
2609,43.467,158.50914
2610,43.483,158.43025
2611,43.5,158.38057
2612,43.517,158.3571
2613,43.533,158.35689
2614,43.55,158.3757
2615,43.567,158.40869
2616,43.583,158.4512
2617,43.6,158.50026
2618,43.617,158.55505
2619,43.633,158.61588
2620,43.65,158.68343
2621,43.667,158.75922
2622,43.683,158.84599
2623,43.7,158.94759
2624,43.717,159.07112
2625,43.733,159.22998
2626,43.75,159.44139
2627,43.767,159.71794
2628,43.783,160.05884
2629,43.8,160.44641
2630,43.817,160.8506
2631,43.833,161.23621
2632,43.85,161.56529
2633,43.867,161.79379
2634,43.883,161.8696
2635,43.9,161.73851
2636,43.917,161.35579
2637,43.933,160.69391
2638,43.95,159.74608
2639,43.967,158.52913
2640,43.983,157.07976
2641,44,155.44179
2642,44.017,153.65622
2643,44.033,151.75914
2644,44.05,149.77948
2645,44.067,147.73763
2646,44.083,145.65218
2647,44.1,143.54449
2648,44.117,141.43175
2649,44.133,139.31747
2650,44.15,137.19191
2651,44.167,135.04086
2652,44.183,132.85667
2653,44.2,130.64662
2654,44.217,128.43279
2655,44.233,126.24628
2656,44.25,124.12146
2657,44.267,122.09029
2658,44.283,120.17696
2659,44.3,118.39193
2660,44.317,116.72698
2661,44.333,115.15926
2662,44.35,113.66439
2663,44.367,112.23026
2664,44.383,110.86451
2665,44.4,109.59113
2666,44.417,108.43813
2667,44.433,107.42822
2668,44.45,106.5767
2669,44.467,105.89184
2670,44.483,105.37587
2671,44.5,105.02995
2672,44.517,104.85552
2673,44.533,104.85133
2674,44.55,105.01638
2675,44.567,105.35807
2676,44.583,105.89188
2677,44.6,106.62841
2678,44.617,107.56026
2679,44.633,108.66126
2680,44.65,109.89569
2681,44.667,111.22865
2682,44.683,112.63465
2683,44.7,114.10444
2684,44.717,115.64728
2685,44.733,117.28568
2686,44.75,119.03918
2687,44.767,120.90895
2688,44.783,122.872
2689,44.8,124.88705
2690,44.817,126.91239
2691,44.833,128.92644
2692,44.85,130.93161
2693,44.867,132.93553
2694,44.883,134.9321
2695,44.9,136.90373
2696,44.917,138.83875
2697,44.933,140.74121
2698,44.95,142.62332
2699,44.967,144.49124
2700,44.983,146.34184
2701,45,148.16855
2702,45.017,149.96294
2703,45.033,151.71509
2704,45.05,153.41476
2705,45.067,155.04735
2706,45.083,156.59009
2707,45.1,158.01477
2708,45.117,159.29176
2709,45.133,160.39383
2710,45.15,161.29588
2711,45.167,161.97197
2712,45.183,162.40265
2713,45.2,162.58846
2714,45.217,162.55168
2715,45.233,162.32716
2716,45.25,161.95518
2717,45.267,161.48062
2718,45.283,160.95407
2719,45.3,160.42914
2720,45.317,159.95361
2721,45.333,159.56161
2722,45.35,159.26938
2723,45.367,159.07417
2724,45.383,158.95918
2725,45.4,158.90025
2726,45.417,158.87254
2727,45.433,158.85507
2728,45.45,158.83301
2729,45.467,158.79869
2730,45.483,158.75098
2731,45.5,158.69147
2732,45.517,158.62016
2733,45.533,158.5368
2734,45.55,158.44748
2735,45.567,158.37035
2736,45.583,158.33359
2737,45.6,158.36514
2738,45.617,158.48283
2739,45.633,158.69087
2740,45.65,158.98058
2741,45.667,159.33321
2742,45.683,159.72371
2743,45.7,160.12061
2744,45.717,160.48431
2745,45.733,160.77182
2746,45.75,160.94543
2747,45.767,160.97522
2748,45.783,160.83084
2749,45.8,160.47513
2750,45.817,159.87074
2751,45.833,158.99384
2752,45.85,157.84396
2753,45.867,156.44344
2754,45.883,154.82736
2755,45.9,153.0352
2756,45.917,151.10669
2757,45.933,149.07903
2758,45.95,146.98322
2759,45.967,144.84099
2760,45.983,142.66609
2761,46,140.46805
2762,46.017,138.25484
2763,46.033,136.03941
2764,46.05,133.8436
2765,46.067,131.68991
2766,46.083,129.58983
2767,46.1,127.54355
2768,46.117,125.54784
2769,46.133,123.60197
2770,46.15,121.7113
2771,46.167,119.89185
2772,46.183,118.16938
2773,46.2,116.56425
2774,46.217,115.07404
2775,46.233,113.67715
2776,46.25,112.3538
2777,46.267,111.0959
2778,46.283,109.90105
2779,46.3,108.76962
2780,46.317,107.70944
2781,46.333,106.73338
2782,46.35,105.85111
2783,46.367,105.06562
2784,46.383,104.37708
2785,46.4,103.78873
2786,46.417,103.30932
2787,46.433,102.94867
2788,46.45,102.71092
2789,46.467,102.5947
2790,46.483,102.60076
2791,46.5,102.73883
2792,46.517,103.02621
2793,46.533,103.48106
2794,46.55,104.11777
2795,46.567,104.94676
2796,46.583,105.9766
2797,46.6,107.2155
2798,46.617,108.66481
2799,46.633,110.30763
2800,46.65,112.10727
2801,46.667,114.02195
2802,46.683,116.01994
2803,46.7,118.08072
2804,46.717,120.18648
2805,46.733,122.31637
2806,46.75,124.44807
2807,46.767,126.56122
2808,46.783,128.63925
2809,46.8,130.67097
2810,46.817,132.65334
2811,46.833,134.59198
2812,46.85,136.49657
2813,46.867,138.37582
2814,46.883,140.23714
2815,46.9,142.08307
2816,46.917,143.90768
2817,46.933,145.70306
2818,46.95,147.46835
2819,46.967,149.21182
2820,46.983,150.94431
2821,47,152.66545
2822,47.017,154.35495
2823,47.033,155.97787
2824,47.05,157.49394
2825,47.067,158.86012
2826,47.083,160.03157
2827,47.1,160.96558
2828,47.117,161.62833
2829,47.133,162.00778
2830,47.15,162.12619
2831,47.167,162.03436
2832,47.183,161.7912
2833,47.2,161.44827
2834,47.217,161.04373
2835,47.233,160.60208
2836,47.25,160.13864
2837,47.267,159.6653
2838,47.283,159.19536
2839,47.3,158.74734
2840,47.317,158.34512
2841,47.333,158.01216
2842,47.35,157.76389
2843,47.367,157.60446
2844,47.383,157.52798
2845,47.4,157.52132
2846,47.417,157.56622
2847,47.433,157.64188
2848,47.45,157.72868
2849,47.467,157.81221
2850,47.483,157.88583
2851,47.5,157.95105
2852,47.517,158.01343
2853,47.533,158.07631
2854,47.55,158.13997
2855,47.567,158.20723
2856,47.583,158.28683
2857,47.6,158.39087
2858,47.617,158.53075
2859,47.633,158.7166
2860,47.65,158.9595
2861,47.667,159.26926
2862,47.683,159.64566
2863,47.7,160.07103
2864,47.717,160.51103
2865,47.733,160.92484
2866,47.75,161.27563
2867,47.767,161.53143
2868,47.783,161.65678
2869,47.8,161.60545
2870,47.817,161.3214
2871,47.833,160.75262
2872,47.85,159.86839
2873,47.867,158.67096
2874,47.883,157.19658
2875,47.9,155.50339
2876,47.917,153.65349
2877,47.933,151.69904
2878,47.95,149.67679
2879,47.967,147.61215
2880,47.983,145.52599
2881,48,143.43832
2882,48.017,141.36594
2883,48.033,139.31903
2884,48.05,137.30159
2885,48.067,135.31332
2886,48.083,133.3501
2887,48.1,131.40494
2888,48.117,129.4734
2889,48.133,127.56083
2890,48.15,125.68089
2891,48.167,123.84676
2892,48.183,122.06948
2893,48.2,120.36285
2894,48.217,118.73759
2895,48.233,117.18726
2896,48.25,115.68594
2897,48.267,114.20504
2898,48.283,112.73392
2899,48.3,111.28683
2900,48.317,109.8953
2901,48.333,108.59538
2902,48.35,107.41761
2903,48.367,106.3847
2904,48.383,105.51454
2905,48.4,104.82314
2906,48.417,104.32617
2907,48.433,104.03897
2908,48.45,103.97429
2909,48.467,104.13876
2910,48.483,104.53046
2911,48.5,105.13995
2912,48.517,105.95119
2913,48.533,106.94119
2914,48.55,108.08375
2915,48.567,109.35471
2916,48.583,110.73188
2917,48.6,112.19456
2918,48.617,113.7319
2919,48.633,115.3505
2920,48.65,117.06635
2921,48.667,118.8853
2922,48.683,120.78943
2923,48.7,122.74175
2924,48.717,124.70616
2925,48.733,126.66257
2926,48.75,128.60701
2927,48.767,130.54259
2928,48.783,132.47182
2929,48.8,134.39568
2930,48.817,136.31548
2931,48.833,138.22682
2932,48.85,140.11354
2933,48.867,141.9574
2934,48.883,143.74962
2935,48.9,145.49127
2936,48.917,147.19087
2937,48.933,148.86124
2938,48.95,150.51237
2939,48.967,152.14394
2940,48.983,153.74622
2941,49,155.30626
2942,49.017,156.80577
2943,49.033,158.21388
2944,49.05,159.4843
2945,49.067,160.55717
2946,49.083,161.37151
2947,49.1,161.89015
2948,49.117,162.11835
2949,49.133,162.09692
2950,49.15,161.88084
2951,49.167,161.52777
2952,49.183,161.09561
2953,49.2,160.63715
2954,49.217,160.18976
2955,49.233,159.76987
2956,49.25,159.37831
2957,49.267,159.01178
2958,49.283,158.67198
2959,49.3,158.36925
2960,49.317,158.11867
2961,49.333,157.93155
2962,49.35,157.80856
2963,49.367,157.73907
2964,49.383,157.70724
2965,49.4,157.69957
2966,49.417,157.70587
2967,49.433,157.7187
2968,49.45,157.73598
2969,49.467,157.76146
2970,49.483,157.79898
2971,49.5,157.84856
2972,49.517,157.91016
2973,49.533,157.98874
2974,49.55,158.0937
2975,49.567,158.23268
2976,49.583,158.40576
2977,49.6,158.60329
2978,49.617,158.8092
2979,49.633,159.00854
2980,49.65,159.19249
2981,49.667,159.35944
2982,49.683,159.51344
2983,49.7,159.66063
2984,49.717,159.8031
2985,49.733,159.92928
2986,49.75,160.00475
2987,49.767,159.97415
2988,49.783,159.77634
2989,49.8,159.35983
2990,49.817,158.68819
2991,49.833,157.74034
2992,49.85,156.51637
2993,49.867,155.045
2994,49.883,153.37737
2995,49.9,151.56721
2996,49.917,149.65314
2997,49.933,147.65277
2998,49.95,145.57451
2999,49.967,143.43562
3000,49.983,141.26456
3001,50,139.08951
3002,50.017,136.93361
3003,50.033,134.81865
3004,50.05,132.76682
3005,50.067,130.80066
3006,50.083,128.93967
3007,50.1,127.1918
3008,50.117,125.54788
3009,50.133,123.98756
3010,50.15,122.49651
3011,50.167,121.0762
3012,50.183,119.73273
3013,50.2,118.4637
3014,50.217,117.26036
3015,50.233,116.11177
3016,50.25,115.00494
3017,50.267,113.93213
3018,50.283,112.90154
3019,50.3,111.93723
3020,50.317,111.07063
3021,50.333,110.33221
3022,50.35,109.74313
3023,50.367,109.31023
3024,50.383,109.02892
3025,50.4,108.89194
3026,50.417,108.8952
3027,50.433,109.03609
3028,50.45,109.31015
3029,50.467,109.70943
3030,50.483,110.22082
3031,50.5,110.82536
3032,50.517,111.50096
3033,50.533,112.2286
3034,50.55,112.99985
3035,50.567,113.82175
3036,50.583,114.71521
3037,50.6,115.70967
3038,50.617,116.83134
3039,50.633,118.08925
3040,50.65,119.47226
3041,50.667,120.95674
3042,50.683,122.51656
3043,50.7,124.12844
3044,50.717,125.77356
3045,50.733,127.43861
3046,50.75,129.11653
3047,50.767,130.80229
3048,50.783,132.49007
3049,50.8,134.1795
3050,50.817,135.88219
3051,50.833,137.61455
3052,50.85,139.38351
3053,50.867,141.17757
3054,50.883,142.96765
3055,50.9,144.71802
3056,50.917,146.39867
3057,50.933,147.98854
3058,50.95,149.47389
3059,50.967,150.85245
3060,50.983,152.13545
3061,51,153.34164
3062,51.017,154.4915
3063,51.033,155.60329
3064,51.05,156.68536
3065,51.067,157.72844
3066,51.083,158.70506
3067,51.1,159.58003
3068,51.117,160.32401
3069,51.133,160.91862
3070,51.15,161.3557
3071,51.167,161.63864
3072,51.183,161.78268
3073,51.2,161.81114
3074,51.217,161.74962
3075,51.233,161.62218
3076,51.25,161.45166
3077,51.267,161.25958
3078,51.283,161.06355
3079,51.3,160.8744
3080,51.317,160.69334
3081,51.333,160.51236
3082,51.35,160.32091
3083,51.367,160.11375
3084,51.383,159.8925
3085,51.4,159.66278
3086,51.417,159.43297
3087,51.433,159.21523
3088,51.45,159.02356
3089,51.467,158.86839
3090,51.483,158.75304
3091,51.5,158.67448
3092,51.517,158.62651
3093,51.533,158.6017
3094,51.55,158.59322
3095,51.567,158.59491
3096,51.583,158.60005
3097,51.6,158.60211
3098,51.617,158.59967
3099,51.633,158.59877
3100,51.65,158.60982
3101,51.667,158.64474
3102,51.683,158.71294
3103,51.7,158.81781
3104,51.717,158.95857
3105,51.733,159.13411
3106,51.75,159.34375
3107,51.767,159.58768
3108,51.783,159.86937
3109,51.8,160.1942
3110,51.817,160.56027
3111,51.833,160.94804
3112,51.85,161.31665
3113,51.867,161.60939
3114,51.883,161.7715
3115,51.9,161.76961
3116,51.917,161.59593
3117,51.933,161.25566
3118,51.95,160.75246
3119,51.967,160.08205
3120,51.983,159.23367
3121,52,158.19566
3122,52.017,156.96318
3123,52.033,155.54301
3124,52.05,153.95142
3125,52.067,152.2092
3126,52.083,150.34193
3127,52.1,148.38124
3128,52.117,146.36037
3129,52.133,144.30678
3130,52.15,142.23752
3131,52.167,140.16113
3132,52.183,138.08141
3133,52.2,135.99654
3134,52.217,133.8987
3135,52.233,131.77974
3136,52.25,129.64063
3137,52.267,127.49245
3138,52.283,125.34805
3139,52.3,123.22218
3140,52.317,121.14268
3141,52.333,119.15077
3142,52.35,117.27872
3143,52.367,115.52814
3144,52.383,113.87546
3145,52.4,112.29465
3146,52.417,110.77795
3147,52.433,109.3446
3148,52.45,108.03345
3149,52.467,106.88528
3150,52.483,105.9294
3151,52.5,105.17787
3152,52.517,104.62645
3153,52.533,104.26431
3154,52.55,104.08627
3155,52.567,104.09926
3156,52.583,104.32265
3157,52.6,104.78235
3158,52.617,105.50037
3159,52.633,106.48498
3160,52.65,107.7223
3161,52.667,109.17203
3162,52.683,110.77332
3163,52.7,112.45879
3164,52.717,114.17007
3165,52.733,115.87072
3166,52.75,117.55219
3167,52.767,119.22612
3168,52.783,120.90687
3169,52.8,122.60044
3170,52.817,124.30568
3171,52.833,126.02324
3172,52.85,127.76196
3173,52.867,129.53816
3174,52.883,131.36821
3175,52.9,133.25743
3176,52.917,135.19331
3177,52.933,137.14946
3178,52.95,139.09648
3179,52.967,141.00995
3180,52.983,142.87337
3181,53,144.67702
3182,53.017,146.41344
3183,53.033,148.07446
3184,53.05,149.65353
3185,53.067,151.15099
3186,53.083,152.57811
3187,53.1,153.95261
3188,53.117,155.2856
3189,53.133,156.57219
3190,53.15,157.79353
3191,53.167,158.92178
3192,53.183,159.92162
3193,53.2,160.75623
3194,53.217,161.39937
3195,53.233,161.83823
3196,53.25,162.06868
3197,53.267,162.09683
3198,53.283,161.9438
3199,53.3,161.64415
3200,53.317,161.24049
3201,53.333,160.77823
3202,53.35,160.29965
3203,53.367,159.84045
3204,53.383,159.4278
3205,53.4,159.07809
3206,53.417,158.79739
3207,53.433,158.58362
3208,53.45,158.42874
3209,53.467,158.32172
3210,53.483,158.25171
3211,53.5,158.20915
3212,53.517,158.18639
3213,53.533,158.17865
3214,53.55,158.18373
3215,53.567,158.19955
3216,53.583,158.22412
3217,53.6,158.25705
3218,53.617,158.29921
3219,53.633,158.35048
3220,53.65,158.40808
3221,53.667,158.46693
3222,53.683,158.52136
3223,53.7,158.56743
3224,53.717,158.60431
3225,53.733,158.6351
3226,53.75,158.66714
3227,53.767,158.71194
3228,53.783,158.78279
3229,53.8,158.89006
3230,53.817,159.03586
3231,53.833,159.21378
3232,53.85,159.41505
3233,53.867,159.63412
3234,53.883,159.8696
3235,53.9,160.12212
3236,53.917,160.39014
3237,53.933,160.66496
3238,53.95,160.92494
3239,53.967,161.13023
3240,53.983,161.22142
3241,54,161.12971
3242,54.017,160.79713
3243,54.033,160.19254
3244,54.05,159.30977
3245,54.067,158.1568
3246,54.083,156.75574
3247,54.1,155.14555
3248,54.117,153.3726
3249,54.133,151.48204
3250,54.15,149.51448
3251,54.167,147.49965
3252,54.183,145.45277
3253,54.2,143.379
3254,54.217,141.27774
3255,54.233,139.1488
3256,54.25,137.00282
3257,54.267,134.8653
3258,54.283,132.76741
3259,54.3,130.73199
3260,54.317,128.76779
3261,54.333,126.87289
3262,54.35,125.04014
3263,54.367,123.26414
3264,54.383,121.54642
3265,54.4,119.89046
3266,54.417,118.29084
3267,54.433,116.73
3268,54.45,115.1884
3269,54.467,113.66373
3270,54.483,112.18555
3271,54.5,110.80882
3272,54.517,109.58842
3273,54.533,108.55567
3274,54.55,107.71275
3275,54.567,107.04257
3276,54.583,106.52161
3277,54.6,106.12941
3278,54.617,105.85428
3279,54.633,105.69624
3280,54.65,105.66865
3281,54.667,105.79833
3282,54.683,106.1216
3283,54.7,106.67339
3284,54.717,107.47056
3285,54.733,108.50458
3286,54.75,109.74687
3287,54.767,111.15633
3288,54.783,112.68442
3289,54.8,114.28696
3290,54.817,115.93848
3291,54.833,117.63595
3292,54.85,119.39065
3293,54.867,121.21011
3294,54.883,123.07798
3295,54.9,124.95559
3296,54.917,126.8046
3297,54.933,128.60718
3298,54.95,130.36765
3299,54.967,132.10068
3300,54.983,133.82103
3301,55,135.53902
3302,55.017,137.25706
3303,55.033,138.9722
3304,55.05,140.68407
3305,55.067,142.39748
3306,55.083,144.11365
3307,55.1,145.82358
3308,55.117,147.51315
3309,55.133,149.17155
3310,55.15,150.79352
3311,55.167,152.37784
3312,55.183,153.92368
3313,55.2,155.42233
3314,55.217,156.84833
3315,55.233,158.159
3316,55.25,159.30516
3317,55.267,160.24777
3318,55.283,160.96935
3319,55.3,161.47211
3320,55.317,161.76956
3321,55.333,161.88191
3322,55.35,161.83611
3323,55.367,161.66742
3324,55.383,161.4176
3325,55.4,161.12892
3326,55.417,160.83687
3327,55.433,160.56458
3328,55.45,160.32149
3329,55.467,160.10696
3330,55.483,159.91675
3331,55.5,159.74637
3332,55.517,159.59149
3333,55.533,159.44951
3334,55.55,159.31845
3335,55.567,159.19212
3336,55.583,159.05945
3337,55.6,158.91264
3338,55.617,158.75342
3339,55.633,158.59161
3340,55.65,158.4402
3341,55.667,158.31053
3342,55.683,158.20944
3343,55.7,158.13701
3344,55.717,158.08598
3345,55.733,158.04561
3346,55.75,158.00832
3347,55.767,157.9744
3348,55.783,157.95013
3349,55.8,157.9422
3350,55.817,157.95303
3351,55.833,157.98094
3352,55.85,158.02306
3353,55.867,158.07796
3354,55.883,158.14702
3355,55.9,158.23547
3356,55.917,158.35233
3357,55.933,158.50719
3358,55.95,158.70769
3359,55.967,158.96005
3360,55.983,159.27054
3361,56,159.6434
3362,56.017,160.0739
3363,56.033,160.53941
3364,56.05,161.00011
3365,56.067,161.40987
3366,56.083,161.7222
3367,56.1,161.88959
3368,56.117,161.86729
3369,56.133,161.62428
3370,56.15,161.14798
3371,56.167,160.43578
3372,56.183,159.48929
3373,56.2,158.32239
3374,56.217,156.965
3375,56.233,155.45566
3376,56.25,153.82936
3377,56.267,152.10674
3378,56.283,150.2941
3379,56.3,148.39182
3380,56.317,146.39996
3381,56.333,144.32111
3382,56.35,142.16171
3383,56.367,139.93074
3384,56.383,137.64044
3385,56.4,135.30775
3386,56.417,132.95338
3387,56.433,130.60301
3388,56.45,128.28691
3389,56.467,126.03183
3390,56.483,123.85405
3391,56.5,121.76398
3392,56.517,119.77637
3393,56.533,117.90946
3394,56.55,116.17092
3395,56.567,114.5509
3396,56.583,113.03511
3397,56.6,111.6236
3398,56.617,110.33504
3399,56.633,109.19283
3400,56.65,108.20831
3401,56.667,107.37775
3402,56.683,106.69548
3403,56.7,106.16923
3404,56.717,105.82275
3405,56.733,105.68642
3406,56.75,105.78826
3407,56.767,106.15181
3408,56.783,106.79353
3409,56.8,107.71544
3410,56.817,108.89599
3411,56.833,110.28754
3412,56.85,111.82707
3413,56.867,113.46054
3414,56.883,115.16359
3415,56.9,116.9386
3416,56.917,118.79308
3417,56.933,120.72587
3418,56.95,122.72694
3419,56.967,124.78026
3420,56.983,126.86691
3421,57,128.96617
3422,57.017,131.05614
3423,57.033,133.11548
3424,57.05,135.12888
3425,57.067,137.09584
3426,57.083,139.03339
3427,57.1,140.96184
3428,57.117,142.88675
3429,57.133,144.79778
3430,57.15,146.68021
3431,57.167,148.52277
3432,57.183,150.31844
3433,57.2,152.05925
3434,57.217,153.73117
3435,57.233,155.31294
3436,57.25,156.77489
3437,57.267,158.07848
3438,57.283,159.18498
3439,57.3,160.06909
3440,57.317,160.72668
3441,57.333,161.17145
3442,57.35,161.42784
3443,57.367,161.52985
3444,57.383,161.51559
3445,57.4,161.41187
3446,57.417,161.23087
3447,57.433,160.98479
3448,57.45,160.69438
3449,57.467,160.38367
3450,57.483,160.07193
3451,57.5,159.77272
3452,57.517,159.49837
3453,57.533,159.26135
3454,57.55,159.07005
3455,57.567,158.92592
3456,57.583,158.82385
3457,57.6,158.7534
3458,57.617,158.70215
3459,57.633,158.65985
3460,57.65,158.61928
3461,57.667,158.57555
3462,57.683,158.52667
3463,57.7,158.47404
3464,57.717,158.42059
3465,57.733,158.37016
3466,57.75,158.32881
3467,57.767,158.30588
3468,57.783,158.31212
3469,57.8,158.35625
3470,57.817,158.44307
3471,57.833,158.57169
3472,57.85,158.73335
3473,57.867,158.91241
3474,57.883,159.09384
3475,57.9,159.27095
3476,57.917,159.44653
3477,57.933,159.62834
3478,57.95,159.82344
3479,57.967,160.03336
3480,57.983,160.25203
3481,58,160.46884
3482,58.017,160.67038
3483,58.033,160.83466
3484,58.05,160.92439
3485,58.067,160.89153
3486,58.083,160.6908
3487,58.1,160.28773
3488,58.117,159.65709
3489,58.133,158.7861
3490,58.15,157.68082
3491,58.167,156.36057
3492,58.183,154.84901
3493,58.2,153.17459
3494,58.217,151.3728
3495,58.233,149.47958
3496,58.25,147.52289
3497,58.267,145.52042
3498,58.283,143.48265
3499,58.3,141.42039
3500,58.317,139.35014
3501,58.333,137.28926
3502,58.35,135.24835
3503,58.367,133.23306
3504,58.383,131.25095
3505,58.4,129.30992
3506,58.417,127.41357
3507,58.433,125.56587
3508,58.45,123.7823
3509,58.467,122.088
3510,58.483,120.49902
3511,58.5,119.01071
3512,58.517,117.60817
3513,58.533,116.28432
3514,58.55,115.04682
3515,58.567,113.91367
3516,58.583,112.90575
3517,58.6,112.0423
3518,58.617,111.34062
3519,58.633,110.81879
3520,58.65,110.49558
3521,58.667,110.38698
3522,58.683,110.50264
3523,58.7,110.84479
3524,58.717,111.40866
3525,58.733,112.18473
3526,58.75,113.15858
3527,58.767,114.30667
3528,58.783,115.59672
3529,58.8,116.99879
3530,58.817,118.49583
3531,58.833,120.07857
3532,58.85,121.73376
3533,58.867,123.44487
3534,58.883,125.20169
3535,58.9,126.99968
3536,58.917,128.83215
3537,58.933,130.6899
3538,58.95,132.56706
3539,58.967,134.46291
3540,58.983,136.37567
3541,59,138.29497
3542,59.017,140.20074
3543,59.033,142.06865
3544,59.05,143.87682
3545,59.067,145.61229
3546,59.083,147.27597
3547,59.1,148.88184
3548,59.117,150.44722
3549,59.133,151.9794
3550,59.15,153.47093
3551,59.167,154.90453
3552,59.183,156.26041
3553,59.2,157.5226
3554,59.217,158.67712
3555,59.233,159.70248
3556,59.25,160.56628
3557,59.267,161.23616
3558,59.283,161.69756
3559,59.3,161.95992
3560,59.317,162.04753
3561,59.333,161.99036
3562,59.35,161.81839
3563,59.367,161.55659
3564,59.383,161.22745
3565,59.4,160.85707
3566,59.417,160.47104
3567,59.433,160.08723
3568,59.45,159.71811
3569,59.467,159.37448
3570,59.483,159.06496
3571,59.5,158.79451
3572,59.517,158.5639
3573,59.533,158.36902
3574,59.55,158.20114
3575,59.567,158.05022
3576,59.583,157.91066
3577,59.6,157.78357
3578,59.617,157.67378
3579,59.633,157.58621
3580,59.65,157.52417
3581,59.667,157.48912
3582,59.683,157.48096
3583,59.7,157.49939
3584,59.717,157.5443
3585,59.733,157.61523
3586,59.75,157.71187
3587,59.767,157.83521
3588,59.783,157.98705
3589,59.8,158.16776
3590,59.817,158.37379
3591,59.833,158.59819
3592,59.85,158.83444
3593,59.867,159.07945
3594,59.883,159.33113
3595,59.9,159.58319
3596,59.917,159.82193
3597,59.933,160.02943
3598,59.95,160.19066
3599,59.967,160.29805
3600,59.983,160.34756
3601,60,160.32587
3602,60.017,160.19978
3603,60.033,159.92151
3604,60.05,159.44595
3605,60.067,158.74596
3606,60.083,157.81927
3607,60.1,156.68561
3608,60.117,155.37671
3609,60.133,153.92725
3610,60.15,152.36835
3611,60.167,150.72362
3612,60.183,149.00929
3613,60.2,147.23375
3614,60.217,145.39421
3615,60.233,143.48419
3616,60.25,141.5132
3617,60.267,139.51524
3618,60.283,137.53233
3619,60.3,135.59135
3620,60.317,133.69572
3621,60.333,131.83107
3622,60.35,129.97469
3623,60.367,128.10628
3624,60.383,126.22086
3625,60.4,124.3403
3626,60.417,122.51244
3627,60.433,120.78894
3628,60.45,119.19692
3629,60.467,117.73373
3630,60.483,116.38651
3631,60.5,115.15041
3632,60.517,114.02968
3633,60.533,113.02911
3634,60.55,112.14912
3635,60.567,111.39236
3636,60.583,110.77208
3637,60.6,110.30833
3638,60.617,110.01821
3639,60.633,109.91017
3640,60.65,109.98496
3641,60.667,110.23779
3642,60.683,110.65892
3643,60.7,111.23629
3644,60.717,111.96184
3645,60.733,112.83254
3646,60.75,113.84532
3647,60.767,115.00044
3648,60.783,116.31385
3649,60.8,117.81499
3650,60.817,119.51989
3651,60.833,121.40522
3652,60.85,123.40933
3653,60.867,125.45604
3654,60.883,127.48085
3655,60.9,129.44528
3656,60.917,131.33315
3657,60.933,133.1362
3658,60.95,134.85141
3659,60.967,136.48909
3660,60.983,138.069
3661,61,139.60808
3662,61.017,141.11882
3663,61.033,142.61078
3664,61.05,144.08992
3665,61.067,145.56212
3666,61.083,147.03635
3667,61.1,148.52
3668,61.117,150.01173
3669,61.133,151.5025
3670,61.15,152.98219
3671,61.167,154.44321
3672,61.183,155.87738
3673,61.2,157.26564
3674,61.217,158.56929
3675,61.233,159.73444
3676,61.25,160.70648
3677,61.267,161.44324
3678,61.283,161.92094
3679,61.3,162.13953
3680,61.317,162.12856
3681,61.333,161.94243
3682,61.35,161.64491
3683,61.367,161.29376
3684,61.383,160.9299
3685,61.4,160.57503
3686,61.417,160.2379
3687,61.433,159.92192
3688,61.45,159.62836
3689,61.467,159.35686
3690,61.483,159.10736
3691,61.5,158.88356
3692,61.517,158.69211
3693,61.533,158.53764
3694,61.55,158.41937
3695,61.567,158.33138
3696,61.583,158.26631
3697,61.6,158.2187
3698,61.617,158.18542
3699,61.633,158.16483
3700,61.65,158.15591
3701,61.667,158.15814
3702,61.683,158.17015
3703,61.7,158.1886
3704,61.717,158.20844
3705,61.733,158.22618
3706,61.75,158.24313
3707,61.767,158.26582
3708,61.783,158.30426
3709,61.8,158.36934
3710,61.817,158.47014
3711,61.833,158.61333
3712,61.85,158.80463
3713,61.867,159.04822
3714,61.883,159.34245
3715,61.9,159.67297
3716,61.917,160.00905
3717,61.933,160.306
3718,61.95,160.51227
3719,61.967,160.57672
3720,61.983,160.45573
3721,62,160.11566
3722,62.017,159.53365
3723,62.033,158.70326
3724,62.05,157.63968
3725,62.067,156.37605
3726,62.083,154.95413
3727,62.1,153.41154
3728,62.117,151.77531
3729,62.133,150.06313
3730,62.15,148.28659
3731,62.167,146.45528
3732,62.183,144.57977
3733,62.2,142.66971
3734,62.217,140.73207
3735,62.233,138.77342
3736,62.25,136.80084
3737,62.267,134.8196
3738,62.283,132.83295
3739,62.3,130.84402
3740,62.317,128.85344
3741,62.333,126.85479
3742,62.35,124.83977
3743,62.367,122.81502
3744,62.383,120.81409
3745,62.4,118.88262
3746,62.417,117.04544
3747,62.433,115.29675
3748,62.45,113.62496
3749,62.467,112.03652
3750,62.483,110.55338
3751,62.5,109.1993
3752,62.517,107.99283
3753,62.533,106.94764
3754,62.55,106.07398
3755,62.567,105.37885
3756,62.583,104.8649
3757,62.6,104.53037
3758,62.617,104.36987
3759,62.633,104.37653
3760,62.65,104.54589
3761,62.667,104.87922
3762,62.683,105.38217
3763,62.7,106.05567
3764,62.717,106.88706
3765,62.733,107.85099
3766,62.75,108.91977
3767,62.767,110.07407
3768,62.783,111.30486
3769,62.8,112.60549
3770,62.817,113.96687
3771,62.833,115.38083
3772,62.85,116.84196
3773,62.867,118.3474
3774,62.883,119.90009
3775,62.9,121.50711
3776,62.917,123.16877
3777,62.933,124.872
3778,62.95,126.59966
3779,62.967,128.34477
3780,62.983,130.11212
3781,63,131.90572
3782,63.017,133.71669
3783,63.033,135.52522
3784,63.05,137.31308
3785,63.067,139.0735
3786,63.083,140.81068
3787,63.1,142.53273
3788,63.117,144.24907
3789,63.133,145.9716
3790,63.15,147.70865
3791,63.167,149.45943
3792,63.183,151.21494
3793,63.2,152.95869
3794,63.217,154.66685
3795,63.233,156.30965
3796,63.25,157.84938
3797,63.267,159.23518
3798,63.283,160.40221
3799,63.3,161.28535
3800,63.317,161.84911
3801,63.333,162.1051
3802,63.35,162.09915
3803,63.367,161.88716
3804,63.383,161.52473
3805,63.4,161.06715
3806,63.417,160.56789
3807,63.433,160.07407
3808,63.45,159.6196
3809,63.467,159.22215
3810,63.483,158.88675
3811,63.5,158.61246
3812,63.517,158.39775
3813,63.533,158.24167
3814,63.55,158.14032
3815,63.567,158.0838
3816,63.583,158.05817
3817,63.6,158.05037
3818,63.617,158.05222
3819,63.633,158.06076
3820,63.65,158.07632
3821,63.667,158.10036
3822,63.683,158.13315
3823,63.7,158.17348
3824,63.717,158.21971
3825,63.733,158.27124
3826,63.75,158.32883
3827,63.767,158.39526
3828,63.783,158.47646
3829,63.8,158.58208
3830,63.817,158.72432
3831,63.833,158.91505
3832,63.85,159.161
3833,63.867,159.45723
3834,63.883,159.78386
3835,63.9,160.11105
3836,63.917,160.40898
3837,63.933,160.65079
3838,63.95,160.80875
3839,63.967,160.854
3840,63.983,160.76059
3841,64,160.50374
3842,64.017,160.05472
3843,64.033,159.38544
3844,64.05,158.48434
3845,64.067,157.367
3846,64.083,156.07079
3847,64.1,154.63918
3848,64.117,153.10651
3849,64.133,151.49303
3850,64.15,149.80917
3851,64.167,148.05727
3852,64.183,146.23256
3853,64.2,144.33087
3854,64.217,142.35622
3855,64.233,140.31967
3856,64.25,138.23705
3857,64.267,136.12927
3858,64.283,134.02039
3859,64.3,131.93204
3860,64.317,129.88341
3861,64.333,127.89584
3862,64.35,125.9892
3863,64.367,124.17278
3864,64.383,122.44576
3865,64.4,120.80196
3866,64.417,119.22871
3867,64.433,117.70552
3868,64.45,116.20712
3869,64.467,114.71294
3870,64.483,113.2252
3871,64.5,111.7762
3872,64.517,110.41309
3873,64.533,109.17841
3874,64.55,108.10067
3875,64.567,107.19442
3876,64.583,106.46516
3877,64.6,105.91361
3878,64.617,105.54008
3879,64.633,105.34901
3880,64.65,105.35101
3881,64.667,105.55888
3882,64.683,105.97729
3883,64.7,106.59736
3884,64.717,107.40057
3885,64.733,108.36086
3886,64.75,109.44278
3887,64.767,110.6078
3888,64.783,111.83223
3889,64.8,113.12016
3890,64.817,114.49596
3891,64.833,115.98298
3892,64.85,117.58589
3893,64.867,119.28621
3894,64.883,121.05366
3895,64.9,122.86165
3896,64.917,124.69253
3897,64.933,126.53448
3898,64.95,128.38033
3899,64.967,130.23004
3900,64.983,132.08923
3901,65,133.96222
3902,65.017,135.8454
3903,65.033,137.72426
3904,65.05,139.57628
3905,65.067,141.38139
3906,65.083,143.13284
3907,65.1,144.83682
3908,65.117,146.50491
3909,65.133,148.14883
3910,65.15,149.77687
3911,65.167,151.38809
3912,65.183,152.96608
3913,65.2,154.48033
3914,65.217,155.89856
3915,65.233,157.19835
3916,65.25,158.36327
3917,65.267,159.37157
3918,65.283,160.19981
3919,65.3,160.83421
3920,65.317,161.27214
3921,65.333,161.52129
3922,65.35,161.6017
3923,65.367,161.54164
3924,65.383,161.37215
3925,65.4,161.12564
3926,65.417,160.83214
3927,65.433,160.51491
3928,65.45,160.19116
3929,65.467,159.87488
3930,65.483,159.57742
3931,65.5,159.30605
3932,65.517,159.06502
3933,65.533,158.85977
3934,65.55,158.69873
3935,65.567,158.59045
3936,65.583,158.53864
3937,65.6,158.54095
3938,65.617,158.58882
3939,65.633,158.66678
3940,65.65,158.75288
3941,65.667,158.82309
3942,65.683,158.85803
3943,65.7,158.84807
3944,65.717,158.7935
3945,65.733,158.70192
3946,65.75,158.58701
3947,65.767,158.46696
3948,65.783,158.35957
3949,65.8,158.27954
3950,65.817,158.23947
3951,65.833,158.24983
3952,65.85,158.31749
3953,65.867,158.44357
3954,65.883,158.62491
3955,65.9,158.85907
3956,65.917,159.14542
3957,65.933,159.47728
3958,65.95,159.83449
3959,65.967,160.18805
3960,65.983,160.50885
3961,66,160.76952
3962,66.017,160.94246
3963,66.033,160.99907
3964,66.05,160.91188
3965,66.067,160.65761
3966,66.083,160.21681
3967,66.1,159.57364
3968,66.117,158.7202
3969,66.133,157.65872
3970,66.15,156.40073
3971,66.167,154.9628
3972,66.183,153.36391
3973,66.2,151.63254
3974,66.217,149.80952
3975,66.233,147.93594
3976,66.25,146.04239
3977,66.267,144.14915
3978,66.283,142.26517
3979,66.3,140.38741
3980,66.317,138.51018
3981,66.333,136.63545
3982,66.35,134.76967
3983,66.367,132.91473
3984,66.383,131.06932
3985,66.4,129.24004
3986,66.417,127.44815
3987,66.433,125.72142
3988,66.45,124.07664
3989,66.467,122.51324
3990,66.483,121.02304
3991,66.5,119.60068
3992,66.517,118.24586
3993,66.533,116.95632
3994,66.55,115.72096
3995,66.567,114.52673
3996,66.583,113.36814
3997,66.6,112.2464
3998,66.617,111.16821
3999,66.633,110.14882
4000,66.65,109.21269
4001,66.667,108.39252
4002,66.683,107.72387
4003,66.7,107.23521
4004,66.717,106.94162
4005,66.733,106.84521
4006,66.75,106.93924
4007,66.767,107.21474
4008,66.783,107.66447
4009,66.8,108.28031
4010,66.817,109.04992
4011,66.833,109.95453
4012,66.85,110.96628
4013,66.867,112.05199
4014,66.883,113.18882
4015,66.9,114.38084
4016,66.917,115.65732
4017,66.933,117.05421
4018,66.95,118.59564
4019,66.967,120.28509
4020,66.983,122.10174
4021,67,124.00012
4022,67.017,125.92239
4023,67.033,127.8223
4024,67.05,129.67804
4025,67.067,131.48573
4026,67.083,133.25328
4027,67.1,134.99896
4028,67.117,136.7446
4029,67.133,138.50546
4030,67.15,140.28648
4031,67.167,142.08459
4032,67.183,143.89354
4033,67.2,145.70775
4034,67.217,147.52351
4035,67.233,149.33598
4036,67.25,151.13458
4037,67.267,152.90363
4038,67.283,154.62343
4039,67.3,156.26564
4040,67.317,157.78906
4041,67.333,159.14583
4042,67.35,160.29269
4043,67.367,161.19774
4044,67.383,161.84514
4045,67.4,162.24167
4046,67.417,162.41599
4047,67.433,162.40837
4048,67.45,162.26329
4049,67.467,162.02615
4050,67.483,161.73734
4051,67.5,161.42653
4052,67.517,161.1127
4053,67.533,160.80629
4054,67.55,160.51231
4055,67.567,160.23378
4056,67.583,159.97342
4057,67.6,159.73534
4058,67.617,159.52686
4059,67.633,159.35649
4060,67.65,159.22711
4061,67.667,159.13336
4062,67.683,159.06599
4063,67.7,159.01807
4064,67.717,158.98697
4065,67.733,158.97177
4066,67.75,158.96986
4067,67.767,158.97733
4068,67.783,158.99089
4069,67.8,159.00877
4070,67.817,159.03079
4071,67.833,159.05768
4072,67.85,159.09007
4073,67.867,159.12697
4074,67.883,159.16508
4075,67.9,159.20157
4076,67.917,159.23952
4077,67.933,159.29036
4078,67.95,159.3719
4079,67.967,159.50407
4080,67.983,159.70287
4081,68,159.9729
4082,68.017,160.30411
4083,68.033,160.67493
4084,68.05,161.05917
4085,68.067,161.429
4086,68.083,161.75188
4087,68.1,161.98378
4088,68.117,162.0672
4089,68.133,161.94324
4090,68.15,161.5687
4091,68.167,160.92694
4092,68.183,160.02925
4093,68.2,158.9093
4094,68.217,157.61369
4095,68.233,156.19179
4096,68.25,154.68274
4097,68.267,153.10254
4098,68.283,151.44441
4099,68.3,149.69218
4100,68.317,147.83269
4101,68.333,145.86481
4102,68.35,143.80762
4103,68.367,141.69933
4104,68.383,139.5815
4105,68.4,137.4819
4106,68.417,135.41118
4107,68.433,133.36949
4108,68.45,131.35309
4109,68.467,129.35443
4110,68.483,127.35999
4111,68.5,125.35544
4112,68.517,123.33715
4113,68.533,121.3194
4114,68.55,119.33599
4115,68.567,117.42965
4116,68.583,115.62774
4117,68.6,113.92847
4118,68.617,112.31481
4119,68.633,110.77652
4120,68.65,109.31409
4121,68.667,107.92962
4122,68.683,106.62201
4123,68.7,105.39089
4124,68.717,104.2461
4125,68.733,103.21794
4126,68.75,102.35699
4127,68.767,101.71961
4128,68.783,101.35145
4129,68.8,101.27961
4130,68.817,101.51233
4131,68.833,102.04042
4132,68.85,102.84078
4133,68.867,103.88235
4134,68.883,105.13058
4135,68.9,106.55018
4136,68.917,108.10767
4137,68.933,109.77528
4138,68.95,111.53608
4139,68.967,113.38634
4140,68.983,115.32765
4141,69,117.35366
4142,69.017,119.4458
4143,69.033,121.58121
4144,69.05,123.73953
4145,69.067,125.90302
4146,69.083,128.05267
4147,69.1,130.16328
4148,69.117,132.20517
4149,69.133,134.15575
4150,69.15,136.00705
4151,69.167,137.76204
4152,69.183,139.42953
4153,69.2,141.02362
4154,69.217,142.56209
4155,69.233,144.06094
4156,69.25,145.52611
4157,69.267,146.95227
4158,69.283,148.33421
4159,69.3,149.67735
4160,69.317,150.99455
4161,69.333,152.29823
4162,69.35,153.59598
4163,69.367,154.8846
4164,69.383,156.14476
4165,69.4,157.34454
4166,69.417,158.44803
4167,69.433,159.42285
4168,69.45,160.2485
4169,69.467,160.91794
4170,69.483,161.43112
4171,69.5,161.79408
4172,69.517,162.01888
4173,69.533,162.11772
4174,69.55,162.10178
4175,69.567,161.98418
4176,69.583,161.78085
4177,69.6,161.51282
4178,69.617,161.20547
4179,69.633,160.8833
4180,69.65,160.56461
4181,69.667,160.25713
4182,69.683,159.95622
4183,69.7,159.6507
4184,69.717,159.33342
4185,69.733,159.00842
4186,69.75,158.68898
4187,69.767,158.39059
4188,69.783,158.12875
4189,69.8,157.92056
4190,69.817,157.78258
4191,69.833,157.72432
4192,69.85,157.74536
4193,69.867,157.83612
4194,69.883,157.98059
4195,69.9,158.16196
4196,69.917,158.36914
4197,69.933,158.59723
4198,69.95,158.84036
4199,69.967,159.08527
4200,69.983,159.31458
4201,70,159.51622
4202,70.017,159.68703
4203,70.033,159.82999
4204,70.05,159.9532
4205,70.067,160.06987
4206,70.083,160.19421
4207,70.1,160.33601
4208,70.117,160.49699
4209,70.133,160.66899
4210,70.15,160.83664
4211,70.167,160.9852
4212,70.183,161.10617
4213,70.2,161.19809
4214,70.217,161.26495
4215,70.233,161.31448
4216,70.25,161.35272
4217,70.267,161.37831
4218,70.283,161.38309
4219,70.3,161.35889
4220,70.317,161.30125
4221,70.333,161.20996
4222,70.35,161.09157
4223,70.367,160.95959
4224,70.383,160.82968
4225,70.4,160.71562
4226,70.417,160.62787
4227,70.433,160.57008
4228,70.45,160.53523
4229,70.467,160.51007
4230,70.483,160.48325
4231,70.5,160.4472
4232,70.517,160.3969
4233,70.533,160.3311
4234,70.55,160.25153
4235,70.567,160.16238
4236,70.583,160.07201
4237,70.6,159.9928
4238,70.617,159.93709
4239,70.633,159.91507
4240,70.65,159.93393
4241,70.667,159.99161
4242,70.683,160.07288
4243,70.7,160.15378
4244,70.717,160.2085
4245,70.733,160.21495
4246,70.75,160.16377
4247,70.767,160.06209
4248,70.783,159.92596
4249,70.8,159.76981
4250,70.817,159.6039
4251,70.833,159.43933
4252,70.85,159.29002
4253,70.867,159.17159
4254,70.883,159.09904
4255,70.9,159.08296
4256,70.917,159.12451
4257,70.933,159.21207
4258,70.95,159.32166
4259,70.967,159.42293
4260,70.983,159.49072
4261,71,159.51395
4262,71.017,159.49606
4263,71.033,159.45038
4264,71.05,159.39445
4265,71.067,159.34595
4266,71.083,159.31609
4267,71.1,159.30284
4268,71.117,159.29442
4269,71.133,159.28255
4270,71.15,159.27361
4271,71.167,159.28801
4272,71.183,159.35063
4273,71.2,159.47928
4274,71.217,159.67581
4275,71.233,159.92262
4276,71.25,160.18694
4277,71.267,160.43192
4278,71.283,160.62993
4279,71.3,160.76973
4280,71.317,160.85698
4281,71.333,160.90877
4282,71.35,160.94469
4283,71.367,160.98061
4284,71.383,161.02391
4285,71.4,161.06854
4286,71.417,161.09657
4287,71.433,161.09135
4288,71.45,161.05179
4289,71.467,160.99451
4290,71.483,160.94606
4291,71.5,160.93048
4292,71.517,160.96159
4293,71.533,161.04214
4294,71.55,161.17004
4295,71.567,161.3477
4296,71.583,161.58327
4297,71.6,161.88254
4298,71.617,162.24316
4299,71.633,162.65445
4300,71.65,163.09375
